<?xml version="1.0" encoding="utf-8" standalone="yes"?>
<Gesture Name="five_point_star~01" Subject="10" InputType="stylus" Speed="MEDIUM" NumPts="167">
	<Stroke index="1">
		<Point X="57" Y="105" T="1302126491771" Pressure="128" />
		<Point X="73" Y="84" T="1302126491771" Pressure="128" />
		<Point X="75" Y="80" T="1302126491771" Pressure="128" />
		<Point X="80" Y="73" T="1302126491787" Pressure="128" />
		<Point X="82" Y="69" T="1302126491787" Pressure="128" />
		<Point X="84" Y="65" T="1302126491787" Pressure="128" />
		<Point X="86" Y="61" T="1302126491803" Pressure="128" />
		<Point X="88" Y="57" T="1302126491803" Pressure="128" />
		<Point X="90" Y="53" T="1302126491818" Pressure="128" />
		<Point X="91" Y="49" T="1302126491834" Pressure="128" />
		<Point X="93" Y="45" T="1302126491834" Pressure="128" />
		<Point X="95" Y="41" T="1302126491834" Pressure="128" />
		<Point X="96" Y="38" T="1302126491849" Pressure="128" />
		<Point X="98" Y="34" T="1302126491849" Pressure="128" />
		<Point X="100" Y="31" T="1302126491865" Pressure="128" />
		<Point X="101" Y="28" T="1302126491865" Pressure="128" />
		<Point X="103" Y="25" T="1302126491866" Pressure="128" />
		<Point X="104" Y="22" T="1302126491881" Pressure="128" />
		<Point X="106" Y="20" T="1302126491896" Pressure="128" />
		<Point X="107" Y="18" T="1302126491896" Pressure="128" />
		<Point X="109" Y="17" T="1302126491896" Pressure="128" />
		<Point X="111" Y="16" T="1302126491912" Pressure="128" />
		<Point X="113" Y="15" T="1302126491912" Pressure="128" />
		<Point X="114" Y="15" T="1302126491927" Pressure="128" />
		<Point X="116" Y="15" T="1302126491943" Pressure="128" />
		<Point X="118" Y="16" T="1302126491943" Pressure="128" />
		<Point X="120" Y="17" T="1302126491943" Pressure="128" />
		<Point X="122" Y="19" T="1302126491959" Pressure="128" />
		<Point X="123" Y="21" T="1302126491959" Pressure="128" />
		<Point X="125" Y="24" T="1302126491974" Pressure="128" />
		<Point X="126" Y="27" T="1302126491990" Pressure="128" />
		<Point X="128" Y="31" T="1302126491990" Pressure="128" />
		<Point X="129" Y="34" T="1302126491990" Pressure="128" />
		<Point X="131" Y="39" T="1302126492005" Pressure="128" />
		<Point X="132" Y="43" T="1302126492021" Pressure="128" />
		<Point X="133" Y="48" T="1302126492021" Pressure="128" />
		<Point X="134" Y="53" T="1302126492021" Pressure="128" />
		<Point X="135" Y="58" T="1302126492037" Pressure="128" />
		<Point X="136" Y="63" T="1302126492037" Pressure="128" />
		<Point X="137" Y="69" T="1302126492052" Pressure="128" />
		<Point X="137" Y="74" T="1302126492052" Pressure="128" />
		<Point X="138" Y="80" T="1302126492068" Pressure="128" />
		<Point X="139" Y="85" T="1302126492068" Pressure="128" />
		<Point X="139" Y="91" T="1302126492083" Pressure="128" />
		<Point X="140" Y="96" T="1302126492083" Pressure="128" />
		<Point X="141" Y="101" T="1302126492099" Pressure="128" />
		<Point X="141" Y="106" T="1302126492099" Pressure="128" />
		<Point X="142" Y="111" T="1302126492099" Pressure="128" />
		<Point X="143" Y="116" T="1302126492115" Pressure="128" />
		<Point X="143" Y="120" T="1302126492130" Pressure="128" />
		<Point X="144" Y="124" T="1302126492130" Pressure="128" />
		<Point X="145" Y="128" T="1302126492130" Pressure="128" />
		<Point X="145" Y="131" T="1302126492146" Pressure="128" />
		<Point X="146" Y="134" T="1302126492146" Pressure="128" />
		<Point X="146" Y="136" T="1302126492161" Pressure="128" />
		<Point X="146" Y="138" T="1302126492177" Pressure="128" />
		<Point X="146" Y="139" T="1302126492177" Pressure="128" />
		<Point X="146" Y="140" T="1302126492177" Pressure="128" />
		<Point X="145" Y="139" T="1302126492208" Pressure="128" />
		<Point X="145" Y="138" T="1302126492208" Pressure="128" />
		<Point X="144" Y="136" T="1302126492224" Pressure="128" />
		<Point X="143" Y="134" T="1302126492224" Pressure="128" />
		<Point X="142" Y="132" T="1302126492239" Pressure="128" />
		<Point X="140" Y="129" T="1302126492239" Pressure="128" />
		<Point X="139" Y="125" T="1302126492255" Pressure="128" />
		<Point X="137" Y="122" T="1302126492255" Pressure="128" />
		<Point X="135" Y="118" T="1302126492271" Pressure="128" />
		<Point X="132" Y="114" T="1302126492271" Pressure="128" />
		<Point X="129" Y="110" T="1302126492286" Pressure="128" />
		<Point X="126" Y="106" T="1302126492286" Pressure="128" />
		<Point X="122" Y="101" T="1302126492302" Pressure="128" />
		<Point X="118" Y="97" T="1302126492302" Pressure="128" />
		<Point X="113" Y="93" T="1302126492317" Pressure="128" />
		<Point X="108" Y="89" T="1302126492317" Pressure="128" />
		<Point X="103" Y="85" T="1302126492333" Pressure="128" />
		<Point X="97" Y="81" T="1302126492333" Pressure="128" />
		<Point X="91" Y="78" T="1302126492333" Pressure="128" />
		<Point X="85" Y="75" T="1302126492349" Pressure="128" />
		<Point X="80" Y="72" T="1302126492364" Pressure="128" />
		<Point X="74" Y="69" T="1302126492364" Pressure="128" />
		<Point X="68" Y="67" T="1302126492364" Pressure="128" />
		<Point X="63" Y="65" T="1302126492380" Pressure="128" />
		<Point X="58" Y="63" T="1302126492380" Pressure="128" />
		<Point X="53" Y="62" T="1302126492395" Pressure="128" />
		<Point X="49" Y="61" T="1302126492411" Pressure="128" />
		<Point X="45" Y="60" T="1302126492411" Pressure="128" />
		<Point X="43" Y="60" T="1302126492411" Pressure="128" />
		<Point X="41" Y="59" T="1302126492427" Pressure="128" />
		<Point X="38" Y="59" T="1302126492442" Pressure="128" />
		<Point X="36" Y="59" T="1302126492458" Pressure="128" />
		<Point X="35" Y="59" T="1302126492458" Pressure="128" />
		<Point X="37" Y="59" T="1302126492473" Pressure="128" />
		<Point X="40" Y="59" T="1302126492489" Pressure="128" />
		<Point X="44" Y="59" T="1302126492489" Pressure="128" />
		<Point X="48" Y="58" T="1302126492505" Pressure="128" />
		<Point X="54" Y="57" T="1302126492520" Pressure="128" />
		<Point X="60" Y="56" T="1302126492520" Pressure="128" />
		<Point X="67" Y="55" T="1302126492536" Pressure="128" />
		<Point X="74" Y="54" T="1302126492536" Pressure="128" />
		<Point X="82" Y="52" T="1302126492536" Pressure="128" />
		<Point X="90" Y="50" T="1302126492551" Pressure="128" />
		<Point X="98" Y="49" T="1302126492551" Pressure="128" />
		<Point X="107" Y="47" T="1302126492567" Pressure="128" />
		<Point X="115" Y="45" T="1302126492567" Pressure="128" />
		<Point X="124" Y="43" T="1302126492583" Pressure="128" />
		<Point X="132" Y="41" T="1302126492598" Pressure="128" />
		<Point X="139" Y="39" T="1302126492598" Pressure="128" />
		<Point X="147" Y="37" T="1302126492598" Pressure="128" />
		<Point X="153" Y="36" T="1302126492614" Pressure="128" />
		<Point X="159" Y="34" T="1302126492614" Pressure="128" />
		<Point X="165" Y="32" T="1302126492629" Pressure="128" />
		<Point X="170" Y="31" T="1302126492645" Pressure="128" />
		<Point X="174" Y="29" T="1302126492645" Pressure="128" />
		<Point X="178" Y="28" T="1302126492645" Pressure="128" />
		<Point X="181" Y="27" T="1302126492661" Pressure="128" />
		<Point X="183" Y="26" T="1302126492661" Pressure="128" />
		<Point X="185" Y="26" T="1302126492676" Pressure="128" />
		<Point X="186" Y="25" T="1302126492676" Pressure="128" />
		<Point X="187" Y="25" T="1302126492692" Pressure="128" />
		<Point X="186" Y="25" T="1302126492707" Pressure="128" />
		<Point X="185" Y="26" T="1302126492707" Pressure="128" />
		<Point X="183" Y="27" T="1302126492707" Pressure="128" />
		<Point X="181" Y="28" T="1302126492723" Pressure="128" />
		<Point X="179" Y="29" T="1302126492723" Pressure="128" />
		<Point X="176" Y="30" T="1302126492739" Pressure="128" />
		<Point X="173" Y="32" T="1302126492754" Pressure="128" />
		<Point X="169" Y="34" T="1302126492754" Pressure="128" />
		<Point X="165" Y="37" T="1302126492754" Pressure="128" />
		<Point X="161" Y="39" T="1302126492770" Pressure="128" />
		<Point X="157" Y="42" T="1302126492770" Pressure="128" />
		<Point X="153" Y="45" T="1302126492785" Pressure="128" />
		<Point X="148" Y="49" T="1302126492785" Pressure="128" />
		<Point X="143" Y="52" T="1302126492801" Pressure="128" />
		<Point X="138" Y="56" T="1302126492801" Pressure="128" />
		<Point X="133" Y="59" T="1302126492817" Pressure="128" />
		<Point X="128" Y="63" T="1302126492832" Pressure="128" />
		<Point X="123" Y="67" T="1302126492832" Pressure="128" />
		<Point X="117" Y="71" T="1302126492832" Pressure="128" />
		<Point X="112" Y="75" T="1302126492848" Pressure="128" />
		<Point X="107" Y="79" T="1302126492848" Pressure="128" />
		<Point X="102" Y="82" T="1302126492863" Pressure="128" />
		<Point X="98" Y="86" T="1302126492879" Pressure="128" />
		<Point X="93" Y="90" T="1302126492879" Pressure="128" />
		<Point X="88" Y="93" T="1302126492879" Pressure="128" />
		<Point X="84" Y="97" T="1302126492895" Pressure="128" />
		<Point X="81" Y="101" T="1302126492895" Pressure="128" />
		<Point X="77" Y="104" T="1302126492910" Pressure="128" />
		<Point X="73" Y="107" T="1302126492910" Pressure="128" />
		<Point X="70" Y="110" T="1302126492910" Pressure="128" />
		<Point X="67" Y="113" T="1302126492926" Pressure="128" />
		<Point X="65" Y="116" T="1302126492941" Pressure="128" />
		<Point X="62" Y="119" T="1302126492941" Pressure="128" />
		<Point X="60" Y="121" T="1302126492941" Pressure="128" />
		<Point X="57" Y="123" T="1302126492957" Pressure="128" />
		<Point X="55" Y="125" T="1302126492957" Pressure="128" />
		<Point X="54" Y="126" T="1302126492973" Pressure="128" />
		<Point X="52" Y="128" T="1302126492988" Pressure="128" />
		<Point X="50" Y="129" T="1302126492988" Pressure="128" />
		<Point X="49" Y="130" T="1302126492988" Pressure="128" />
		<Point X="48" Y="131" T="1302126493004" Pressure="128" />
		<Point X="46" Y="132" T="1302126493004" Pressure="128" />
		<Point X="45" Y="133" T="1302126493019" Pressure="128" />
		<Point X="44" Y="133" T="1302126493035" Pressure="128" />
		<Point X="44" Y="134" T="1302126493035" Pressure="128" />
		<Point X="43" Y="133" T="1302126493051" Pressure="128" />
		<Point X="44" Y="133" T="1302126493051" Pressure="128" />
		<Point X="44" Y="133" T="1302126493066" Pressure="128" />
	</Stroke>
</Gesture>
