<?xml version="1.0" encoding="utf-8" standalone="yes"?>
<Gesture Name="half_note~01" Subject="85" InputType="finger" Speed="MEDIUM" NumPts="56">
	<Stroke index="1">
		<Point X="118" Y="11" T="1302283017180" Pressure="128" />
		<Point X="126" Y="61" T="1302283017180" Pressure="128" />
		<Point X="126" Y="66" T="1302283017195" Pressure="128" />
		<Point X="127" Y="71" T="1302283017211" Pressure="128" />
		<Point X="127" Y="76" T="1302283017211" Pressure="128" />
		<Point X="127" Y="81" T="1302283017227" Pressure="128" />
		<Point X="127" Y="86" T="1302283017242" Pressure="128" />
		<Point X="127" Y="91" T="1302283017243" Pressure="128" />
		<Point X="127" Y="96" T="1302283017258" Pressure="128" />
		<Point X="127" Y="101" T="1302283017273" Pressure="128" />
		<Point X="127" Y="103" T="1302283017289" Pressure="128" />
		<Point X="127" Y="107" T="1302283017289" Pressure="128" />
		<Point X="127" Y="111" T="1302283017305" Pressure="128" />
		<Point X="127" Y="111" T="1302283017320" Pressure="128" />
	</Stroke>
	<Stroke index="2">
		<Point X="131" Y="108" T="1302283017804" Pressure="128" />
		<Point X="87" Y="101" T="1302283017804" Pressure="128" />
		<Point X="83" Y="102" T="1302283017819" Pressure="128" />
		<Point X="79" Y="104" T="1302283017835" Pressure="128" />
		<Point X="75" Y="106" T="1302283017835" Pressure="128" />
		<Point X="71" Y="108" T="1302283017851" Pressure="128" />
		<Point X="68" Y="111" T="1302283017866" Pressure="128" />
		<Point X="65" Y="113" T="1302283017866" Pressure="128" />
		<Point X="62" Y="116" T="1302283017882" Pressure="128" />
		<Point X="60" Y="118" T="1302283017897" Pressure="128" />
		<Point X="58" Y="121" T="1302283017913" Pressure="128" />
		<Point X="58" Y="123" T="1302283017913" Pressure="128" />
		<Point X="57" Y="126" T="1302283017929" Pressure="128" />
		<Point X="57" Y="129" T="1302283017944" Pressure="128" />
		<Point X="57" Y="132" T="1302283017944" Pressure="128" />
		<Point X="58" Y="134" T="1302283017960" Pressure="128" />
		<Point X="59" Y="136" T="1302283017975" Pressure="128" />
		<Point X="61" Y="138" T="1302283017991" Pressure="128" />
		<Point X="63" Y="139" T="1302283017991" Pressure="128" />
		<Point X="66" Y="141" T="1302283018007" Pressure="128" />
		<Point X="69" Y="141" T="1302283018022" Pressure="128" />
		<Point X="72" Y="143" T="1302283018022" Pressure="128" />
		<Point X="75" Y="144" T="1302283018038" Pressure="128" />
		<Point X="78" Y="146" T="1302283018053" Pressure="128" />
		<Point X="93" Y="146" T="1302283018100" Pressure="128" />
		<Point X="96" Y="144" T="1302283018100" Pressure="128" />
		<Point X="100" Y="144" T="1302283018116" Pressure="128" />
		<Point X="103" Y="143" T="1302283018131" Pressure="128" />
		<Point X="106" Y="141" T="1302283018147" Pressure="128" />
		<Point X="109" Y="141" T="1302283018147" Pressure="128" />
		<Point X="112" Y="138" T="1302283018163" Pressure="128" />
		<Point X="115" Y="137" T="1302283018178" Pressure="128" />
		<Point X="117" Y="136" T="1302283018178" Pressure="128" />
		<Point X="119" Y="133" T="1302283018194" Pressure="128" />
		<Point X="121" Y="131" T="1302283018209" Pressure="128" />
		<Point X="123" Y="129" T="1302283018225" Pressure="128" />
		<Point X="124" Y="127" T="1302283018225" Pressure="128" />
		<Point X="126" Y="126" T="1302283018241" Pressure="128" />
		<Point X="127" Y="122" T="1302283018256" Pressure="128" />
		<Point X="128" Y="121" T="1302283018256" Pressure="128" />
		<Point X="128" Y="119" T="1302283018272" Pressure="128" />
		<Point X="128" Y="119" T="1302283018334" Pressure="128" />
	</Stroke>
</Gesture>
