<?xml version="1.0" encoding="utf-8" standalone="yes"?>
<Gesture Name="five_point_star~01" Subject="85" InputType="finger" Speed="MEDIUM" NumPts="103">
	<Stroke index="1">
		<Point X="65" Y="137" T="1302282998132" Pressure="128" />
		<Point X="90" Y="76" T="1302282998132" Pressure="128" />
		<Point X="92" Y="70" T="1302282998132" Pressure="128" />
		<Point X="96" Y="62" T="1302282998148" Pressure="128" />
		<Point X="100" Y="56" T="1302282998163" Pressure="128" />
		<Point X="103" Y="50" T="1302282998163" Pressure="128" />
		<Point X="105" Y="46" T="1302282998179" Pressure="128" />
		<Point X="107" Y="42" T="1302282998195" Pressure="128" />
		<Point X="109" Y="40" T="1302282998210" Pressure="128" />
		<Point X="111" Y="37" T="1302282998210" Pressure="128" />
		<Point X="112" Y="35" T="1302282998226" Pressure="128" />
		<Point X="113" Y="35" T="1302282998241" Pressure="128" />
		<Point X="115" Y="33" T="1302282998366" Pressure="128" />
		<Point X="115" Y="35" T="1302282998397" Pressure="128" />
		<Point X="115" Y="37" T="1302282998429" Pressure="128" />
		<Point X="116" Y="40" T="1302282998429" Pressure="128" />
		<Point X="117" Y="41" T="1302282998444" Pressure="128" />
		<Point X="118" Y="43" T="1302282998460" Pressure="128" />
		<Point X="119" Y="46" T="1302282998475" Pressure="128" />
		<Point X="120" Y="50" T="1302282998475" Pressure="128" />
		<Point X="122" Y="55" T="1302282998491" Pressure="128" />
		<Point X="123" Y="60" T="1302282998507" Pressure="128" />
		<Point X="125" Y="63" T="1302282998507" Pressure="128" />
		<Point X="127" Y="70" T="1302282998522" Pressure="128" />
		<Point X="129" Y="75" T="1302282998538" Pressure="128" />
		<Point X="131" Y="80" T="1302282998553" Pressure="128" />
		<Point X="133" Y="85" T="1302282998553" Pressure="128" />
		<Point X="135" Y="91" T="1302282998569" Pressure="128" />
		<Point X="138" Y="97" T="1302282998585" Pressure="128" />
		<Point X="140" Y="102" T="1302282998585" Pressure="128" />
		<Point X="142" Y="108" T="1302282998600" Pressure="128" />
		<Point X="144" Y="113" T="1302282998616" Pressure="128" />
		<Point X="146" Y="117" T="1302282998631" Pressure="128" />
		<Point X="149" Y="121" T="1302282998631" Pressure="128" />
		<Point X="150" Y="125" T="1302282998647" Pressure="128" />
		<Point X="153" Y="130" T="1302282998663" Pressure="128" />
		<Point X="154" Y="131" T="1302282998663" Pressure="128" />
		<Point X="156" Y="133" T="1302282998678" Pressure="128" />
		<Point X="157" Y="135" T="1302282998694" Pressure="128" />
		<Point X="158" Y="137" T="1302282998709" Pressure="128" />
		<Point X="158" Y="138" T="1302282998709" Pressure="128" />
		<Point X="160" Y="140" T="1302282998741" Pressure="128" />
		<Point X="124" Y="118" T="1302282998975" Pressure="128" />
		<Point X="119" Y="116" T="1302282998975" Pressure="128" />
		<Point X="115" Y="113" T="1302282998990" Pressure="128" />
		<Point X="110" Y="110" T="1302282999006" Pressure="128" />
		<Point X="105" Y="108" T="1302282999021" Pressure="128" />
		<Point X="100" Y="106" T="1302282999021" Pressure="128" />
		<Point X="95" Y="103" T="1302282999037" Pressure="128" />
		<Point X="90" Y="101" T="1302282999053" Pressure="128" />
		<Point X="86" Y="100" T="1302282999053" Pressure="128" />
		<Point X="81" Y="97" T="1302282999068" Pressure="128" />
		<Point X="77" Y="95" T="1302282999084" Pressure="128" />
		<Point X="72" Y="93" T="1302282999099" Pressure="128" />
		<Point X="68" Y="91" T="1302282999099" Pressure="128" />
		<Point X="65" Y="90" T="1302282999115" Pressure="128" />
		<Point X="61" Y="90" T="1302282999131" Pressure="128" />
		<Point X="58" Y="87" T="1302282999131" Pressure="128" />
		<Point X="56" Y="86" T="1302282999146" Pressure="128" />
		<Point X="54" Y="85" T="1302282999162" Pressure="128" />
		<Point X="52" Y="85" T="1302282999177" Pressure="128" />
		<Point X="51" Y="85" T="1302282999177" Pressure="128" />
		<Point X="50" Y="83" T="1302282999193" Pressure="128" />
		<Point X="48" Y="82" T="1302282999209" Pressure="128" />
		<Point X="85" Y="82" T="1302282999365" Pressure="128" />
		<Point X="91" Y="81" T="1302282999380" Pressure="128" />
		<Point X="97" Y="81" T="1302282999396" Pressure="128" />
		<Point X="103" Y="81" T="1302282999396" Pressure="128" />
		<Point X="109" Y="80" T="1302282999411" Pressure="128" />
		<Point X="116" Y="80" T="1302282999427" Pressure="128" />
		<Point X="123" Y="78" T="1302282999443" Pressure="128" />
		<Point X="129" Y="77" T="1302282999443" Pressure="128" />
		<Point X="136" Y="77" T="1302282999458" Pressure="128" />
		<Point X="142" Y="77" T="1302282999474" Pressure="128" />
		<Point X="148" Y="76" T="1302282999474" Pressure="128" />
		<Point X="154" Y="76" T="1302282999489" Pressure="128" />
		<Point X="159" Y="76" T="1302282999505" Pressure="128" />
		<Point X="163" Y="75" T="1302282999521" Pressure="128" />
		<Point X="167" Y="75" T="1302282999521" Pressure="128" />
		<Point X="171" Y="75" T="1302282999536" Pressure="128" />
		<Point X="174" Y="75" T="1302282999552" Pressure="128" />
		<Point X="176" Y="75" T="1302282999552" Pressure="128" />
		<Point X="178" Y="75" T="1302282999567" Pressure="128" />
		<Point X="179" Y="75" T="1302282999583" Pressure="128" />
		<Point X="181" Y="75" T="1302282999614" Pressure="128" />
		<Point X="142" Y="102" T="1302282999817" Pressure="128" />
		<Point X="136" Y="106" T="1302282999833" Pressure="128" />
		<Point X="131" Y="111" T="1302282999833" Pressure="128" />
		<Point X="125" Y="115" T="1302282999848" Pressure="128" />
		<Point X="119" Y="120" T="1302282999864" Pressure="128" />
		<Point X="113" Y="123" T="1302282999864" Pressure="128" />
		<Point X="108" Y="127" T="1302282999879" Pressure="128" />
		<Point X="102" Y="130" T="1302282999895" Pressure="128" />
		<Point X="97" Y="133" T="1302282999911" Pressure="128" />
		<Point X="92" Y="136" T="1302282999911" Pressure="128" />
		<Point X="88" Y="138" T="1302282999926" Pressure="128" />
		<Point X="84" Y="140" T="1302282999942" Pressure="128" />
		<Point X="81" Y="142" T="1302282999942" Pressure="128" />
		<Point X="78" Y="143" T="1302282999957" Pressure="128" />
		<Point X="76" Y="143" T="1302282999973" Pressure="128" />
		<Point X="74" Y="145" T="1302282999989" Pressure="128" />
		<Point X="73" Y="145" T="1302283000004" Pressure="128" />
		<Point X="73" Y="145" T="1302283000051" Pressure="128" />
	</Stroke>
</Gesture>
