﻿<?xml version="1.0" encoding="utf-8" standalone="yes"?>
<Gesture Name="arrow07" Subject="4" Speed="medium" Number="7" NumPts="116" Millseconds="2477" AppName="Gestures" AppVer="3.7.0.0" Date="Friday, March 09, 2007" TimeOfDay="8:20:18 PM">
  <Point X="62" Y="227" T="116658954" />
  <Point X="64" Y="227" T="116658998" />
  <Point X="66" Y="229" T="116659019" />
  <Point X="68" Y="230" T="116659035" />
  <Point X="70" Y="229" T="116659047" />
  <Point X="73" Y="228" T="116659063" />
  <Point X="75" Y="228" T="116659076" />
  <Point X="77" Y="228" T="116659092" />
  <Point X="79" Y="227" T="116659108" />
  <Point X="81" Y="227" T="116659124" />
  <Point X="84" Y="226" T="116659135" />
  <Point X="86" Y="226" T="116659147" />
  <Point X="88" Y="226" T="116659159" />
  <Point X="90" Y="226" T="116659171" />
  <Point X="92" Y="226" T="116659184" />
  <Point X="95" Y="224" T="116659197" />
  <Point X="97" Y="224" T="116659210" />
  <Point X="100" Y="222" T="116659222" />
  <Point X="102" Y="221" T="116659230" />
  <Point X="104" Y="220" T="116659242" />
  <Point X="106" Y="220" T="116659251" />
  <Point X="109" Y="220" T="116659263" />
  <Point X="111" Y="219" T="116659272" />
  <Point X="113" Y="218" T="116659282" />
  <Point X="116" Y="218" T="116659291" />
  <Point X="118" Y="217" T="116659301" />
  <Point X="120" Y="216" T="116659312" />
  <Point X="123" Y="215" T="116659324" />
  <Point X="125" Y="214" T="116659336" />
  <Point X="127" Y="213" T="116659351" />
  <Point X="129" Y="212" T="116659363" />
  <Point X="131" Y="211" T="116659379" />
  <Point X="133" Y="209" T="116659396" />
  <Point X="135" Y="209" T="116659408" />
  <Point X="137" Y="208" T="116659424" />
  <Point X="140" Y="206" T="116659441" />
  <Point X="142" Y="205" T="116659458" />
  <Point X="144" Y="204" T="116659474" />
  <Point X="146" Y="202" T="116659490" />
  <Point X="148" Y="201" T="116659507" />
  <Point X="150" Y="200" T="116659530" />
  <Point X="152" Y="198" T="116659546" />
  <Point X="154" Y="196" T="116659566" />
  <Point X="157" Y="195" T="116659583" />
  <Point X="158" Y="193" T="116659597" />
  <Point X="160" Y="193" T="116659611" />
  <Point X="161" Y="191" T="116659625" />
  <Point X="163" Y="189" T="116659639" />
  <Point X="166" Y="187" T="116659655" />
  <Point X="168" Y="186" T="116659671" />
  <Point X="169" Y="184" T="116659686" />
  <Point X="171" Y="182" T="116659707" />
  <Point X="173" Y="180" T="116659736" />
  <Point X="173" Y="178" T="116659751" />
  <Point X="175" Y="175" T="116659768" />
  <Point X="177" Y="173" T="116659807" />
  <Point X="175" Y="175" T="116659958" />
  <Point X="173" Y="175" T="116659974" />
  <Point X="171" Y="176" T="116659991" />
  <Point X="169" Y="178" T="116660007" />
  <Point X="167" Y="178" T="116660024" />
  <Point X="165" Y="178" T="116660041" />
  <Point X="160" Y="179" T="116660058" />
  <Point X="158" Y="180" T="116660075" />
  <Point X="155" Y="180" T="116660093" />
  <Point X="151" Y="180" T="116660114" />
  <Point X="147" Y="180" T="116660135" />
  <Point X="144" Y="180" T="116660157" />
  <Point X="140" Y="180" T="116660176" />
  <Point X="136" Y="180" T="116660195" />
  <Point X="134" Y="179" T="116660214" />
  <Point X="131" Y="179" T="116660233" />
  <Point X="127" Y="178" T="116660252" />
  <Point X="125" Y="178" T="116660272" />
  <Point X="123" Y="177" T="116660292" />
  <Point X="120" Y="177" T="116660312" />
  <Point X="116" Y="176" T="116660332" />
  <Point X="114" Y="177" T="116660353" />
  <Point X="112" Y="175" T="116660373" />
  <Point X="110" Y="175" T="116660394" />
  <Point X="108" Y="175" T="116660415" />
  <Point X="110" Y="176" T="116660485" />
  <Point X="112" Y="176" T="116660506" />
  <Point X="118" Y="178" T="116660528" />
  <Point X="123" Y="177" T="116660551" />
  <Point X="130" Y="178" T="116660573" />
  <Point X="135" Y="178" T="116660596" />
  <Point X="141" Y="178" T="116660618" />
  <Point X="147" Y="177" T="116660642" />
  <Point X="150" Y="177" T="116660664" />
  <Point X="152" Y="176" T="116660665" />
  <Point X="157" Y="177" T="116660691" />
  <Point X="161" Y="175" T="116660716" />
  <Point X="165" Y="175" T="116660740" />
  <Point X="167" Y="176" T="116660764" />
  <Point X="172" Y="174" T="116660788" />
  <Point X="174" Y="173" T="116660813" />
  <Point X="176" Y="172" T="116660838" />
  <Point X="178" Y="173" T="116660862" />
  <Point X="180" Y="172" T="116660887" />
  <Point X="182" Y="172" T="116660991" />
  <Point X="182" Y="174" T="116661051" />
  <Point X="182" Y="177" T="116661079" />
  <Point X="182" Y="179" T="116661105" />
  <Point X="181" Y="182" T="116661130" />
  <Point X="181" Y="186" T="116661157" />
  <Point X="181" Y="189" T="116661183" />
  <Point X="181" Y="192" T="116661210" />
  <Point X="182" Y="199" T="116661236" />
  <Point X="182" Y="202" T="116661263" />
  <Point X="183" Y="209" T="116661291" />
  <Point X="183" Y="211" T="116661318" />
  <Point X="183" Y="219" T="116661346" />
  <Point X="184" Y="223" T="116661373" />
  <Point X="184" Y="225" T="116661402" />
  <Point X="184" Y="227" T="116661431" />
</Gesture>