﻿<?xml version="1.0" encoding="utf-8" standalone="yes"?>
<Gesture Name="caret06" Subject="4" Speed="medium" Number="6" NumPts="79" Millseconds="1380" AppName="Gestures" AppVer="3.7.0.0" Date="Friday, March 09, 2007" TimeOfDay="8:37:35 PM">
  <Point X="68" Y="235" T="117699113" />
  <Point X="68" Y="233" T="117699133" />
  <Point X="70" Y="231" T="117699153" />
  <Point X="71" Y="228" T="117699169" />
  <Point X="71" Y="226" T="117699184" />
  <Point X="72" Y="224" T="117699210" />
  <Point X="73" Y="222" T="117699218" />
  <Point X="74" Y="219" T="117699230" />
  <Point X="75" Y="217" T="117699246" />
  <Point X="77" Y="215" T="117699258" />
  <Point X="78" Y="212" T="117699274" />
  <Point X="79" Y="210" T="117699282" />
  <Point X="80" Y="208" T="117699294" />
  <Point X="81" Y="205" T="117699306" />
  <Point X="82" Y="203" T="117699317" />
  <Point X="83" Y="201" T="117699326" />
  <Point X="85" Y="198" T="117699342" />
  <Point X="86" Y="195" T="117699350" />
  <Point X="87" Y="193" T="117699366" />
  <Point X="89" Y="190" T="117699382" />
  <Point X="90" Y="187" T="117699391" />
  <Point X="91" Y="185" T="117699400" />
  <Point X="93" Y="182" T="117699419" />
  <Point X="95" Y="179" T="117699431" />
  <Point X="96" Y="177" T="117699441" />
  <Point X="97" Y="175" T="117699452" />
  <Point X="98" Y="172" T="117699467" />
  <Point X="100" Y="170" T="117699479" />
  <Point X="101" Y="167" T="117699490" />
  <Point X="102" Y="165" T="117699503" />
  <Point X="104" Y="162" T="117699515" />
  <Point X="105" Y="160" T="117699526" />
  <Point X="106" Y="157" T="117699538" />
  <Point X="107" Y="155" T="117699549" />
  <Point X="108" Y="152" T="117699563" />
  <Point X="109" Y="150" T="117699575" />
  <Point X="110" Y="147" T="117699598" />
  <Point X="111" Y="145" T="117699611" />
  <Point X="112" Y="143" T="117699631" />
  <Point X="113" Y="141" T="117699644" />
  <Point X="114" Y="139" T="117699682" />
  <Point X="115" Y="137" T="117699695" />
  <Point X="117" Y="138" T="117699794" />
  <Point X="118" Y="140" T="117699821" />
  <Point X="120" Y="142" T="117699849" />
  <Point X="121" Y="144" T="117699865" />
  <Point X="122" Y="147" T="117699881" />
  <Point X="123" Y="149" T="117699896" />
  <Point X="124" Y="152" T="117699917" />
  <Point X="125" Y="154" T="117699932" />
  <Point X="126" Y="156" T="117699948" />
  <Point X="127" Y="158" T="117699963" />
  <Point X="129" Y="160" T="117699979" />
  <Point X="131" Y="164" T="117699995" />
  <Point X="132" Y="166" T="117700011" />
  <Point X="133" Y="169" T="117700027" />
  <Point X="134" Y="171" T="117700044" />
  <Point X="136" Y="177" T="117700060" />
  <Point X="138" Y="181" T="117700078" />
  <Point X="138" Y="183" T="117700095" />
  <Point X="139" Y="186" T="117700112" />
  <Point X="140" Y="189" T="117700133" />
  <Point X="143" Y="191" T="117700150" />
  <Point X="145" Y="194" T="117700168" />
  <Point X="147" Y="199" T="117700186" />
  <Point X="149" Y="201" T="117700205" />
  <Point X="150" Y="204" T="117700224" />
  <Point X="153" Y="209" T="117700245" />
  <Point X="155" Y="211" T="117700267" />
  <Point X="156" Y="213" T="117700288" />
  <Point X="158" Y="215" T="117700289" />
  <Point X="159" Y="217" T="117700312" />
  <Point X="161" Y="222" T="117700336" />
  <Point X="162" Y="224" T="117700356" />
  <Point X="164" Y="226" T="117700376" />
  <Point X="164" Y="228" T="117700396" />
  <Point X="166" Y="233" T="117700417" />
  <Point X="168" Y="235" T="117700456" />
  <Point X="169" Y="237" T="117700493" />
</Gesture>