﻿<?xml version="1.0" encoding="utf-8" standalone="yes"?>
<Gesture Name="hexagon" Subject="test" Speed="test" NumPts="81" Milliseconds="3806" AppName="Recognizer.NDollar" AppVer="4.15.2011.0" Date="Saturday, April 16, 2011" TimeOfDay="7:45:17 PM">
  <Stroke index="1">
    <Point X="114" Y="113" T="210299909" />
    <Point X="120" Y="114" T="210299924" />
    <Point X="126" Y="116" T="210299924" />
    <Point X="133" Y="118" T="210299940" />
    <Point X="140" Y="119" T="210299955" />
    <Point X="152" Y="120" T="210299971" />
    <Point X="162" Y="120" T="210299971" />
    <Point X="169" Y="120" T="210299987" />
    <Point X="173" Y="120" T="210300002" />
    <Point X="175" Y="120" T="210300018" />
    <Point X="176" Y="120" T="210300033" />
    <Point X="176" Y="121" T="210300049" />
  </Stroke>
  <Stroke index="2">
    <Point X="190" Y="132" T="210300579" />
    <Point X="194" Y="137" T="210300595" />
    <Point X="197" Y="141" T="210300611" />
    <Point X="200" Y="146" T="210300611" />
    <Point X="202" Y="150" T="210300626" />
    <Point X="205" Y="157" T="210300642" />
    <Point X="208" Y="163" T="210300657" />
    <Point X="211" Y="167" T="210300673" />
    <Point X="211" Y="169" T="210300673" />
    <Point X="212" Y="170" T="210300689" />
    <Point X="213" Y="171" T="210300704" />
    <Point X="214" Y="171" T="210300720" />
    <Point X="214" Y="172" T="210300735" />
    <Point X="216" Y="173" T="210300751" />
    <Point X="217" Y="173" T="210300767" />
  </Stroke>
  <Stroke index="3">
    <Point X="218" Y="183" T="210301313" />
    <Point X="217" Y="185" T="210301313" />
    <Point X="216" Y="187" T="210301328" />
    <Point X="215" Y="189" T="210301344" />
    <Point X="214" Y="193" T="210301359" />
    <Point X="211" Y="198" T="210301375" />
    <Point X="211" Y="200" T="210301375" />
    <Point X="210" Y="202" T="210301391" />
    <Point X="209" Y="204" T="210301406" />
    <Point X="208" Y="205" T="210301422" />
    <Point X="207" Y="205" T="210301437" />
    <Point X="207" Y="206" T="210301437" />
    <Point X="207" Y="207" T="210301453" />
  </Stroke>
  <Stroke index="4">
    <Point X="187" Y="216" T="210302061" />
    <Point X="184" Y="216" T="210302093" />
    <Point X="179" Y="216" T="210302108" />
    <Point X="175" Y="216" T="210302124" />
    <Point X="171" Y="216" T="210302139" />
    <Point X="161" Y="215" T="210302171" />
    <Point X="154" Y="215" T="210302186" />
    <Point X="148" Y="215" T="210302202" />
    <Point X="145" Y="215" T="210302202" />
    <Point X="141" Y="214" T="210302217" />
    <Point X="139" Y="214" T="210302233" />
    <Point X="137" Y="214" T="210302249" />
    <Point X="136" Y="214" T="210302264" />
  </Stroke>
  <Stroke index="5">
    <Point X="127" Y="207" T="210302763" />
    <Point X="123" Y="206" T="210302779" />
    <Point X="119" Y="204" T="210302779" />
    <Point X="116" Y="201" T="210302795" />
    <Point X="113" Y="198" T="210302810" />
    <Point X="111" Y="195" T="210302826" />
    <Point X="110" Y="194" T="210302841" />
    <Point X="109" Y="192" T="210302841" />
    <Point X="108" Y="192" T="210302857" />
    <Point X="107" Y="191" T="210302873" />
    <Point X="107" Y="190" T="210302888" />
    <Point X="106" Y="189" T="210302904" />
    <Point X="105" Y="189" T="210302904" />
    <Point X="104" Y="189" T="210302982" />
  </Stroke>
  <Stroke index="6">
    <Point X="107" Y="157" T="210303528" />
    <Point X="110" Y="154" T="210303543" />
    <Point X="111" Y="152" T="210303543" />
    <Point X="112" Y="149" T="210303559" />
    <Point X="113" Y="144" T="210303575" />
    <Point X="116" Y="137" T="210303590" />
    <Point X="117" Y="131" T="210303606" />
    <Point X="119" Y="127" T="210303606" />
    <Point X="120" Y="123" T="210303621" />
    <Point X="121" Y="120" T="210303637" />
    <Point X="122" Y="117" T="210303653" />
    <Point X="122" Y="116" T="210303668" />
    <Point X="122" Y="115" T="210303668" />
    <Point X="123" Y="115" T="210303715" />
  </Stroke>
</Gesture>