﻿<?xml version="1.0" encoding="utf-8" standalone="yes"?>
<Gesture Name="pentagon" Subject="test" Speed="test" NumPts="89" Milliseconds="3963" AppName="Recognizer.NDollar" AppVer="4.15.2011.0" Date="Saturday, April 16, 2011" TimeOfDay="7:44:54 PM">
  <Stroke index="1">
    <Point X="90" Y="146" T="210278037" />
    <Point X="91" Y="145" T="210278084" />
    <Point X="94" Y="141" T="210278100" />
    <Point X="103" Y="131" T="210278115" />
    <Point X="115" Y="120" T="210278131" />
    <Point X="125" Y="107" T="210278146" />
    <Point X="133" Y="99" T="210278146" />
    <Point X="139" Y="91" T="210278162" />
    <Point X="143" Y="85" T="210278178" />
    <Point X="145" Y="80" T="210278193" />
    <Point X="148" Y="77" T="210278209" />
    <Point X="149" Y="76" T="210278209" />
    <Point X="150" Y="75" T="210278224" />
  </Stroke>
  <Stroke index="2">
    <Point X="158" Y="76" T="210278786" />
    <Point X="160" Y="77" T="210278786" />
    <Point X="162" Y="79" T="210278802" />
    <Point X="163" Y="81" T="210278817" />
    <Point X="164" Y="83" T="210278833" />
    <Point X="168" Y="88" T="210278848" />
    <Point X="170" Y="94" T="210278848" />
    <Point X="175" Y="98" T="210278864" />
    <Point X="179" Y="103" T="210278880" />
    <Point X="185" Y="108" T="210278895" />
    <Point X="190" Y="113" T="210278895" />
    <Point X="196" Y="118" T="210278911" />
    <Point X="200" Y="124" T="210278926" />
    <Point X="203" Y="126" T="210278942" />
    <Point X="204" Y="129" T="210278958" />
    <Point X="205" Y="131" T="210278973" />
    <Point X="205" Y="133" T="210278973" />
    <Point X="206" Y="134" T="210278989" />
    <Point X="206" Y="135" T="210279020" />
    <Point X="207" Y="135" T="210279129" />
    <Point X="207" Y="136" T="210279145" />
  </Stroke>
  <Stroke index="3">
    <Point X="210" Y="151" T="210279847" />
    <Point X="210" Y="152" T="210279862" />
    <Point X="208" Y="154" T="210279878" />
    <Point X="205" Y="158" T="210279894" />
    <Point X="201" Y="164" T="210279909" />
    <Point X="198" Y="170" T="210279909" />
    <Point X="196" Y="176" T="210279925" />
    <Point X="192" Y="180" T="210279940" />
    <Point X="191" Y="186" T="210279956" />
    <Point X="190" Y="191" T="210279956" />
    <Point X="189" Y="197" T="210279972" />
    <Point X="188" Y="201" T="210279987" />
    <Point X="187" Y="204" T="210280003" />
    <Point X="186" Y="205" T="210280018" />
    <Point X="186" Y="207" T="210280018" />
    <Point X="185" Y="208" T="210280050" />
  </Stroke>
  <Stroke index="4">
    <Point X="177" Y="209" T="210280658" />
    <Point X="178" Y="209" T="210280705" />
    <Point X="176" Y="209" T="210280798" />
    <Point X="172" Y="209" T="210280814" />
    <Point X="167" Y="209" T="210280830" />
    <Point X="163" Y="209" T="210280845" />
    <Point X="159" Y="210" T="210280845" />
    <Point X="152" Y="210" T="210280861" />
    <Point X="145" Y="211" T="210280876" />
    <Point X="137" Y="211" T="210280892" />
    <Point X="133" Y="211" T="210280892" />
    <Point X="130" Y="211" T="210280908" />
    <Point X="128" Y="211" T="210280923" />
    <Point X="127" Y="211" T="210280954" />
    <Point X="125" Y="211" T="210280954" />
    <Point X="124" Y="211" T="210280986" />
    <Point X="122" Y="211" T="210281001" />
  </Stroke>
  <Stroke index="5">
    <Point X="119" Y="211" T="210281672" />
    <Point X="118" Y="210" T="210281688" />
    <Point X="114" Y="206" T="210281703" />
    <Point X="108" Y="201" T="210281719" />
    <Point X="104" Y="196" T="210281719" />
    <Point X="100" Y="192" T="210281734" />
    <Point X="98" Y="190" T="210281750" />
    <Point X="97" Y="188" T="210281766" />
    <Point X="95" Y="186" T="210281781" />
    <Point X="94" Y="184" T="210281781" />
    <Point X="93" Y="183" T="210281797" />
    <Point X="93" Y="181" T="210281812" />
    <Point X="92" Y="178" T="210281828" />
    <Point X="91" Y="175" T="210281844" />
    <Point X="90" Y="173" T="210281844" />
    <Point X="90" Y="171" T="210281859" />
    <Point X="89" Y="169" T="210281875" />
    <Point X="89" Y="167" T="210281890" />
    <Point X="88" Y="167" T="210281890" />
    <Point X="88" Y="166" T="210281906" />
    <Point X="87" Y="166" T="210281922" />
    <Point X="87" Y="165" T="210282000" />
  </Stroke>
</Gesture>