<?xml version="1.0" encoding="utf-8" standalone="yes"?>
<Gesture Name="c~17~43~0" Subject="17" NumPts="32">
	<Stroke index="1">
		<Point X="637" Y="79" T="-1" />
		<Point X="635" Y="83" T="-1" />
		<Point X="632" Y="87" T="-1" />
		<Point X="630" Y="92" T="-1" />
		<Point X="628" Y="96" T="-1" />
		<Point X="627" Y="101" T="-1" />
		<Point X="625" Y="106" T="-1" />
		<Point X="624" Y="110" T="-1" />
		<Point X="623" Y="115" T="-1" />
		<Point X="623" Y="120" T="-1" />
		<Point X="623" Y="124" T="-1" />
		<Point X="623" Y="129" T="-1" />
		<Point X="624" Y="133" T="-1" />
		<Point X="625" Y="138" T="-1" />
		<Point X="628" Y="147" T="-1" />
		<Point X="630" Y="151" T="-1" />
		<Point X="632" Y="154" T="-1" />
		<Point X="634" Y="157" T="-1" />
		<Point X="637" Y="160" T="-1" />
		<Point X="639" Y="162" T="-1" />
		<Point X="645" Y="165" T="-1" />
		<Point X="648" Y="165" T="-1" />
		<Point X="651" Y="165" T="-1" />
		<Point X="653" Y="164" T="-1" />
		<Point X="656" Y="164" T="-1" />
		<Point X="659" Y="163" T="-1" />
		<Point X="661" Y="162" T="-1" />
		<Point X="662" Y="161" T="-1" />
		<Point X="663" Y="160" T="-1" />
		<Point X="663" Y="159" T="-1" />
		<Point X="663" Y="158" T="-1" />
		<Point X="662" Y="157" T="-1" />
	</Stroke>
</Gesture>
